query	reference	ani	ani_uniform	af_query	af_reference	std_err	het_shape	retention	ani_from_loss	ani_from_hist	n_anchors	n_chains	n_tags	flag
q_ani0.8999__bimodal_70core_ani90	ref	95.5325	96.4131	0.8585	0.8585	0.05574	1.476	0.7538	95.4452	97.3937	4144	46	5276	INCONSISTENT
q_ani0.9000__gamma_a1.0_ani90	ref	91.8275	94.5254	0.9654	0.9654	0.06907	1.075	0.6017	93.3895	96.7183	3430	10	5836	INCONSISTENT
q_ani0.9008__gamma_a0.5_ani90	ref	94.0712	96.5356	0.9008	0.9007	0.05549	0.588	0.7634	95.0991	97.9648	3957	37	5406	INCONSISTENT
q_ani0.9500__bimodal_50core_ani95	ref	94.2808	96.4248	0.9896	0.9896	0.05295	0.669	0.7547	95.1296	97.7616	4469	6	6059	INCONSISTENT
q_ani0.9500__bimodal_70core_ani95	ref	96.0217	97.4294	0.9352	0.9352	0.04473	0.605	0.8317	96.1509	98.3162	4954	31	5725	INCONSISTENT
q_ani0.9500__gamma_a0.5_ani95	ref	96.2634	97.6454	0.9491	0.9491	0.04171	0.502	0.8475	96.4873	98.3728	5178	34	5852	INCONSISTENT
q_ani0.9500__gamma_a1.0_ani95	ref	95.6253	96.6034	0.9819	0.9819	0.05032	1.154	0.7686	95.7167	97.4441	4915	11	6014	INCONSISTENT
q_ani0.9500__gamma_a2.0_ani95	ref	95.3572	95.9018	0.9979	0.9979	0.05454	2.516	0.7128	95.3548	96.5671	4686	2	6167	INCONSISTENT
q_ani0.9800__gamma_a1.0_ani98	ref	98.0524	98.3655	0.9984	0.9984	0.03145	0.892	0.8977	97.9141	98.5575	6036	2	6230	ok
