query	reference	ani	ani_uniform	af_query	af_reference	std_err	synteny_blocks	synteny_score	breakpoint_count	het_shape	retention	ani_from_loss	ani_from_hist	enzyme_spread	enzyme_chi2	per_enzyme	n_anchors	n_chains	n_tags	max_block_anchors	mean_block_anchors	flag	ani_gated	gate	ani_upper95
q_ani0.9500__gamma_a0.5_ani95	ref	96.2634	97.6454	0.9491	0.9491	0.04171	34	0.9924	33	0.502	0.8475	96.4873	98.3728	1.0430	15.70	AlfI:97.92,AloI:97.86,BcgI:97.58,FalI:96.88	5178	34	5852	399	128.47058823529412	ok	96.2634	gamma	96.6039
q_ani0.9500__gamma_a1.0_ani95	ref	95.6253	96.6034	0.9819	0.9819	0.05032	11	0.9976	10	1.154	0.7686	95.7167	97.4441	0.8044	6.26	AlfI:96.80,AloI:96.64,BcgI:96.59,FalI:96.00	4915	11	6014	1210	373.8181818181818	ok	95.6253	gamma	95.8371
q_ani0.9500__gamma_a2.0_ani95	ref	95.3572	95.9018	0.9979	0.9979	0.05454	2	0.9998	1	2.516	0.7128	95.3548	96.5671	1.1126	10.80	AlfI:96.14,AloI:95.65,BcgI:95.97,FalI:95.03	4686	2	6167	2336	2017	ok	95.3572	gamma	95.4762
q_ani0.9008__gamma_a0.5_ani90	ref	94.0712	96.5356	0.9008	0.9007	0.05549	37	0.9895	36	0.588	0.7634	95.0991	97.9648	1.1183	10.36	AlfI:96.75,AloI:96.33,BcgI:96.62,FalI:95.63	3957	37	5406	515	93.08108108108108	ok	94.0712	gamma	95.2306
q_ani0.9000__gamma_a1.0_ani90	ref	91.8275	94.5254	0.9654	0.9654	0.06907	10	0.9969	9	1.075	0.6017	93.3895	96.7183	1.8992	19.18	AlfI:94.92,AloI:94.44,BcgI:94.63,FalI:93.02	3430	10	5836	738	292.6	ok	91.8275	gamma	93.5301
q_ani0.9800__gamma_a1.0_ani98	ref	98.0524	98.3655	0.9984	0.9984	0.03145	2	0.9998	1	0.892	0.8977	97.9141	98.5575	0.3130	2.64	AlfI:98.45,AloI:98.48,BcgI:98.33,FalI:98.17	6036	2	6230	3102	2647	ok	98.0524	gamma	98.0146
q_ani0.9500__bimodal_70core_ani95	ref	96.0217	97.4294	0.9352	0.9352	0.04473	31	0.9927	30	0.605	0.8317	96.1509	98.3162	0.7724	7.27	AlfI:97.46,AloI:97.48,BcgI:97.54,FalI:96.77	4954	31	5725	575	132.58064516129033	ok	96.0217	gamma	96.2712
q_ani0.9500__bimodal_50core_ani95	ref	94.2808	96.4248	0.9896	0.9896	0.05295	6	0.9987	5	0.669	0.7547	95.1296	97.7616	1.0992	11.72	AlfI:96.73,AloI:96.10,BcgI:96.44,FalI:95.63	4469	6	6059	1869	640.3333333333334	ok	94.2808	gamma	95.2537
q_ani0.8999__bimodal_70core_ani90	ref	95.5325	96.4131	0.8585	0.8585	0.05574	46	0.9871	45	1.476	0.7538	95.4452	97.3937	1.2117	12.55	AlfI:96.76,AloI:96.11,BcgI:96.41,FalI:95.55	4144	46	5276	374	75.82608695652173	ok	95.5325	gamma	95.5759
